branch,panel,modality,arm,arm_class,episodes,failures,descriptive_only
curriculum_modality,development,multimodal-state,exact_reference,reference,3,0,True
curriculum_modality,development,multimodal-state,multimodal-state__mixed_order,learned,3,0,True
curriculum_modality,development,multimodal-state,multimodal-state__shuffled,learned,3,0,True
curriculum_modality,development,multimodal-state,multimodal-state__staged,learned,3,0,True
curriculum_modality,development,multimodal-state,pretrained_base,base,3,3,True
curriculum_modality,development,multimodal-state,process_sft,learned,3,0,True
curriculum_modality,development,multimodal-state,random_valid,oracle_control,3,0,True
curriculum_modality,development,text-state,exact_reference,reference,3,0,True
curriculum_modality,development,text-state,pretrained_base,base,3,3,True
curriculum_modality,development,text-state,process_sft,learned,3,1,True
curriculum_modality,development,text-state,random_valid,oracle_control,3,0,True
curriculum_modality,development,text-state,text-state__mixed_order,learned,3,0,True
curriculum_modality,development,text-state,text-state__shuffled,learned,3,0,True
curriculum_modality,development,text-state,text-state__staged,learned,3,1,True
curriculum_modality,development,visual-state,exact_reference,reference,3,0,True
curriculum_modality,development,visual-state,pretrained_base,base,3,3,True
curriculum_modality,development,visual-state,process_sft,learned,3,0,True
curriculum_modality,development,visual-state,random_valid,oracle_control,3,0,True
curriculum_modality,development,visual-state,visual-state__mixed_order,learned,3,0,True
curriculum_modality,development,visual-state,visual-state__shuffled,learned,3,0,True
curriculum_modality,development,visual-state,visual-state__staged,learned,3,0,True
curriculum_modality,unseen,multimodal-state,exact_reference,reference,24,0,False
curriculum_modality,unseen,multimodal-state,multimodal-state__mixed_order,learned,24,0,False
curriculum_modality,unseen,multimodal-state,multimodal-state__shuffled,learned,24,0,False
curriculum_modality,unseen,multimodal-state,multimodal-state__staged,learned,24,2,False
curriculum_modality,unseen,multimodal-state,pretrained_base,base,24,24,False
curriculum_modality,unseen,multimodal-state,process_sft,learned,24,3,False
curriculum_modality,unseen,multimodal-state,random_valid,oracle_control,24,0,False
curriculum_modality,unseen,text-state,exact_reference,reference,24,0,False
curriculum_modality,unseen,text-state,pretrained_base,base,24,24,False
curriculum_modality,unseen,text-state,process_sft,learned,24,2,False
curriculum_modality,unseen,text-state,random_valid,oracle_control,24,0,False
curriculum_modality,unseen,text-state,text-state__mixed_order,learned,24,2,False
curriculum_modality,unseen,text-state,text-state__shuffled,learned,24,3,False
curriculum_modality,unseen,text-state,text-state__staged,learned,24,2,False
curriculum_modality,unseen,visual-state,exact_reference,reference,24,0,False
curriculum_modality,unseen,visual-state,pretrained_base,base,24,24,False
curriculum_modality,unseen,visual-state,process_sft,learned,24,2,False
curriculum_modality,unseen,visual-state,random_valid,oracle_control,24,0,False
curriculum_modality,unseen,visual-state,visual-state__mixed_order,learned,24,1,False
curriculum_modality,unseen,visual-state,visual-state__shuffled,learned,24,0,False
curriculum_modality,unseen,visual-state,visual-state__staged,learned,24,3,False
dagger,development,multimodal-state,continued_sft_iteration_2,learned,3,2,True
dagger,development,multimodal-state,dagger_iteration_2,learned,3,1,True
dagger,development,multimodal-state,exact_reference,reference,3,0,True
dagger,development,multimodal-state,process_sft,learned,3,3,True
dagger,development,multimodal-state,random_valid,oracle_control,3,1,True
dagger,development,text-state,continued_sft_iteration_2,learned,3,2,True
dagger,development,text-state,dagger_iteration_2,learned,3,3,True
dagger,development,text-state,exact_reference,reference,3,0,True
dagger,development,text-state,process_sft,learned,3,3,True
dagger,development,text-state,random_valid,oracle_control,3,1,True
dagger,development,visual-state,continued_sft_iteration_2,learned,3,3,True
dagger,development,visual-state,dagger_iteration_2,learned,3,2,True
dagger,development,visual-state,exact_reference,reference,3,0,True
dagger,development,visual-state,process_sft,learned,3,2,True
dagger,development,visual-state,random_valid,oracle_control,3,1,True
dagger,unseen,multimodal-state,continued_sft_iteration_2,learned,24,24,False
dagger,unseen,multimodal-state,dagger_iteration_2,learned,24,23,False
dagger,unseen,multimodal-state,exact_reference,reference,24,0,False
dagger,unseen,multimodal-state,process_sft,learned,24,24,False
dagger,unseen,multimodal-state,random_valid,oracle_control,24,9,False
dagger,unseen,text-state,continued_sft_iteration_2,learned,24,24,False
dagger,unseen,text-state,dagger_iteration_2,learned,24,24,False
dagger,unseen,text-state,exact_reference,reference,24,0,False
dagger,unseen,text-state,process_sft,learned,24,24,False
dagger,unseen,text-state,random_valid,oracle_control,24,9,False
dagger,unseen,visual-state,continued_sft_iteration_2,learned,24,23,False
dagger,unseen,visual-state,dagger_iteration_2,learned,24,24,False
dagger,unseen,visual-state,exact_reference,reference,24,0,False
dagger,unseen,visual-state,process_sft,learned,24,24,False
dagger,unseen,visual-state,random_valid,oracle_control,24,9,False
expanded_baseline,final,multimodal-state,exact_reference,reference,96,0,False
expanded_baseline,final,multimodal-state,pretrained_base,base,96,96,False
expanded_baseline,final,multimodal-state,process_sft,learned,96,53,False
expanded_baseline,final,multimodal-state,random_valid,oracle_control,96,16,False
expanded_baseline,final,text-state,exact_reference,reference,96,0,False
expanded_baseline,final,text-state,pretrained_base,base,96,96,False
expanded_baseline,final,text-state,process_sft,learned,96,54,False
expanded_baseline,final,text-state,random_valid,oracle_control,96,16,False
expanded_baseline,final,visual-state,exact_reference,reference,96,0,False
expanded_baseline,final,visual-state,pretrained_base,base,96,96,False
expanded_baseline,final,visual-state,process_sft,learned,96,56,False
expanded_baseline,final,visual-state,random_valid,oracle_control,96,16,False
generalization_robustness_v2,final,multimodal-state,exact_reference,reference,50,0,False
generalization_robustness_v2,final,multimodal-state,learned_adapter,learned,50,7,False
generalization_robustness_v2,final,multimodal-state,pretrained_base,base,50,50,False
generalization_robustness_v2,final,multimodal-state,random_valid,oracle_control,250,0,False
generalization_robustness_v2,final,text-state,exact_reference,reference,50,0,False
generalization_robustness_v2,final,text-state,learned_adapter,learned,50,6,False
generalization_robustness_v2,final,text-state,pretrained_base,base,50,50,False
generalization_robustness_v2,final,text-state,random_valid,oracle_control,250,0,False
generalization_robustness_v2,final,visual-state,exact_reference,reference,50,0,False
generalization_robustness_v2,final,visual-state,learned_adapter,learned,50,9,False
generalization_robustness_v2,final,visual-state,pretrained_base,base,50,50,False
generalization_robustness_v2,final,visual-state,random_valid,oracle_control,250,0,False
successor_prediction,development,multimodal-state,model_generated_successor,learned,3,3,True
successor_prediction,development,multimodal-state,trusted_successor,reference,3,0,True
successor_prediction,development,text-state,model_generated_successor,learned,3,3,True
successor_prediction,development,text-state,trusted_successor,reference,3,0,True
successor_prediction,development,visual-state,model_generated_successor,learned,3,3,True
successor_prediction,development,visual-state,trusted_successor,reference,3,0,True
successor_prediction,unseen,multimodal-state,model_generated_successor,learned,12,11,False
successor_prediction,unseen,multimodal-state,trusted_successor,reference,12,0,False
successor_prediction,unseen,text-state,model_generated_successor,learned,12,12,False
successor_prediction,unseen,text-state,trusted_successor,reference,12,0,False
successor_prediction,unseen,visual-state,model_generated_successor,learned,12,12,False
successor_prediction,unseen,visual-state,trusted_successor,reference,12,0,False
