task_id,domain,modality,algorithm,arm,episode,success,goal_reached,runtime_reported_invariants_hold,all_operations_valid,invalid_operations,decisions,expansions,termination,decision_cap,expansion_cap,decision_budget_fraction,expansion_budget_fraction,solution_unit_action_cost,common_cap,model_input_tokens,model_output_tokens,call_wall_seconds,episode_wall_seconds
matched-final/storage-760000,storage,text-state,bfs,pretrained_base,outputs/matched_modalities/v5/evaluation/text-state/matched-final__storage-760000/bfs-pretrained_base.json.gz,False,False,False,False,1,1,0,deterministic_invalid_operation,16,5,0.0625,0.0,,12,2386,188,13.008085802197456,14.363357339054346
matched-final/storage-760000,storage,text-state,bfs,process_sft,outputs/matched_modalities/v5/evaluation/text-state/matched-final__storage-760000/bfs-process_sft.json.gz,False,False,False,False,1,2,0,deterministic_invalid_operation,16,5,0.125,0.0,,12,4772,432,33.72181487083435,34.96583435870707
matched-final/storage-760000,storage,text-state,bfs,random_valid,outputs/matched_modalities/v5/evaluation/text-state/matched-final__storage-760000/bfs-random_valid.json.gz,True,True,True,True,0,8,5,goal_reached,16,5,0.5,1.0,4,12,0,0,0.00026852265000343323,0.035920506343245506
matched-final/storage-760000,storage,text-state,bfs,exact_reference,outputs/matched_modalities/v5/evaluation/text-state/matched-final__storage-760000/bfs-exact_reference.json.gz,True,True,True,True,0,8,5,goal_reached,16,5,0.5,1.0,4,12,0,0,0.00020319782197475433,0.0349406972527504
matched-final/storage-760000,storage,text-state,best_first_width,pretrained_base,outputs/matched_modalities/v5/evaluation/text-state/matched-final__storage-760000/best_first_width-pretrained_base.json.gz,False,False,True,False,1,1,0,deterministic_invalid_operation,12,5,0.08333333333333333,0.0,,12,1825,127,8.236693056300282,8.243306314572692
matched-final/storage-760000,storage,text-state,best_first_width,process_sft,outputs/matched_modalities/v5/evaluation/text-state/matched-final__storage-760000/best_first_width-process_sft.json.gz,False,False,True,False,1,1,0,deterministic_invalid_operation,12,5,0.08333333333333333,0.0,,12,1825,384,24.81539594568312,24.82171239890158
matched-final/storage-760000,storage,text-state,best_first_width,random_valid,outputs/matched_modalities/v5/evaluation/text-state/matched-final__storage-760000/best_first_width-random_valid.json.gz,True,True,True,True,0,6,5,goal_reached,12,5,0.5,1.0,4,12,0,0,0.00019085034728050232,0.04096033237874508
matched-final/storage-760000,storage,text-state,best_first_width,exact_reference,outputs/matched_modalities/v5/evaluation/text-state/matched-final__storage-760000/best_first_width-exact_reference.json.gz,True,True,True,True,0,6,5,goal_reached,12,5,0.5,1.0,4,12,0,0,0.00013870932161808014,0.03865139186382294
matched-final/storage-760000,storage,text-state,best_first_add_w3,pretrained_base,outputs/matched_modalities/v5/evaluation/text-state/matched-final__storage-760000/best_first_add_w3-pretrained_base.json.gz,False,False,False,False,1,1,0,deterministic_invalid_operation,20,4,0.05,0.0,,12,1609,39,3.6102739088237286,3.614910813048482
matched-final/storage-760000,storage,text-state,best_first_add_w3,process_sft,outputs/matched_modalities/v5/evaluation/text-state/matched-final__storage-760000/best_first_add_w3-process_sft.json.gz,True,True,True,True,0,10,4,goal_reached,20,4,0.5,1.0,4,12,17343,363,39.602976413443685,39.65033779665828
matched-final/storage-760000,storage,text-state,best_first_add_w3,random_valid,outputs/matched_modalities/v5/evaluation/text-state/matched-final__storage-760000/best_first_add_w3-random_valid.json.gz,True,True,True,True,0,10,4,goal_reached,20,4,0.5,1.0,4,12,0,0,0.0002582985907793045,0.03553319722414017
matched-final/storage-760000,storage,text-state,best_first_add_w3,exact_reference,outputs/matched_modalities/v5/evaluation/text-state/matched-final__storage-760000/best_first_add_w3-exact_reference.json.gz,True,True,True,True,0,10,4,goal_reached,20,4,0.5,1.0,4,12,0,0,0.00019969232380390167,0.034536464139819145
matched-final/storage-760000,storage,text-state,best_first_add_greedy,pretrained_base,outputs/matched_modalities/v5/evaluation/text-state/matched-final__storage-760000/best_first_add_greedy-pretrained_base.json.gz,False,False,False,False,1,1,0,deterministic_invalid_operation,20,4,0.05,0.0,,12,1607,48,4.071737550199032,4.075898379087448
matched-final/storage-760000,storage,text-state,best_first_add_greedy,process_sft,outputs/matched_modalities/v5/evaluation/text-state/matched-final__storage-760000/best_first_add_greedy-process_sft.json.gz,True,True,True,True,0,10,4,goal_reached,20,4,0.5,1.0,4,12,17315,363,39.82770967669785,39.87342084757984
matched-final/storage-760000,storage,text-state,best_first_add_greedy,random_valid,outputs/matched_modalities/v5/evaluation/text-state/matched-final__storage-760000/best_first_add_greedy-random_valid.json.gz,True,True,True,True,0,10,4,goal_reached,20,4,0.5,1.0,4,12,0,0,0.0002468973398208618,0.03595525026321411
matched-final/storage-760000,storage,text-state,best_first_add_greedy,exact_reference,outputs/matched_modalities/v5/evaluation/text-state/matched-final__storage-760000/best_first_add_greedy-exact_reference.json.gz,True,True,True,True,0,10,4,goal_reached,20,4,0.5,1.0,4,12,0,0,0.0002030208706855774,0.035025324672460556
matched-final/blocksworld-730060,blocksworld,text-state,bfs,pretrained_base,outputs/matched_modalities/v5/evaluation/text-state/matched-final__blocksworld-730060/bfs-pretrained_base.json.gz,False,False,False,False,1,1,0,deterministic_invalid_operation,10,3,0.1,0.0,,6,1002,99,5.3368739522993565,5.340013470500708
matched-final/blocksworld-730060,blocksworld,text-state,bfs,process_sft,outputs/matched_modalities/v5/evaluation/text-state/matched-final__blocksworld-730060/bfs-process_sft.json.gz,False,False,False,False,1,3,1,deterministic_invalid_operation,10,3,0.3,0.3333333333333333,,6,3581,324,19.831544695422053,19.84194760210812
matched-final/blocksworld-730060,blocksworld,text-state,bfs,random_valid,outputs/matched_modalities/v5/evaluation/text-state/matched-final__blocksworld-730060/bfs-random_valid.json.gz,False,False,True,True,0,5,3,expansion_budget_exhausted,10,3,0.5,1.0,,6,0,0,0.00013624690473079681,0.015548722818493843
matched-final/blocksworld-730060,blocksworld,text-state,bfs,exact_reference,outputs/matched_modalities/v5/evaluation/text-state/matched-final__blocksworld-730060/bfs-exact_reference.json.gz,True,True,True,True,0,5,3,goal_reached,10,3,0.5,1.0,2,6,0,0,0.00012044049799442291,0.015310205519199371
matched-final/blocksworld-730060,blocksworld,text-state,best_first_width,pretrained_base,outputs/matched_modalities/v5/evaluation/text-state/matched-final__blocksworld-730060/best_first_width-pretrained_base.json.gz,False,False,True,False,1,1,0,deterministic_invalid_operation,6,2,0.16666666666666666,0.0,,6,863,195,9.248822866007686,9.25606531649828
matched-final/blocksworld-730060,blocksworld,text-state,best_first_width,process_sft,outputs/matched_modalities/v5/evaluation/text-state/matched-final__blocksworld-730060/best_first_width-process_sft.json.gz,False,False,True,False,1,1,0,deterministic_invalid_operation,6,2,0.16666666666666666,0.0,,6,863,54,3.6137930918484926,3.6198051311075687
matched-final/blocksworld-730060,blocksworld,text-state,best_first_width,random_valid,outputs/matched_modalities/v5/evaluation/text-state/matched-final__blocksworld-730060/best_first_width-random_valid.json.gz,False,False,True,True,0,4,2,expansion_budget_exhausted,6,2,0.6666666666666666,1.0,,6,0,0,0.00011816248297691345,0.019393907859921455
matched-final/blocksworld-730060,blocksworld,text-state,best_first_width,exact_reference,outputs/matched_modalities/v5/evaluation/text-state/matched-final__blocksworld-730060/best_first_width-exact_reference.json.gz,True,True,True,True,0,3,2,goal_reached,6,2,0.5,1.0,2,6,0,0,6.98138028383255e-05,0.015606554225087166
matched-final/blocksworld-730060,blocksworld,text-state,best_first_add_w3,pretrained_base,outputs/matched_modalities/v5/evaluation/text-state/matched-final__blocksworld-730060/best_first_add_w3-pretrained_base.json.gz,False,False,False,False,1,1,0,deterministic_invalid_operation,8,2,0.125,0.0,,6,673,7,1.0149847641587257,1.0180463287979364
matched-final/blocksworld-730060,blocksworld,text-state,best_first_add_w3,process_sft,outputs/matched_modalities/v5/evaluation/text-state/matched-final__blocksworld-730060/best_first_add_w3-process_sft.json.gz,True,True,True,True,0,4,2,goal_reached,8,2,0.5,1.0,2,6,2814,88,7.468838466331363,7.481206022202969
matched-final/blocksworld-730060,blocksworld,text-state,best_first_add_w3,random_valid,outputs/matched_modalities/v5/evaluation/text-state/matched-final__blocksworld-730060/best_first_add_w3-random_valid.json.gz,True,True,True,True,0,4,2,goal_reached,8,2,0.5,1.0,2,6,0,0,0.00010432116687297821,0.00874924473464489
matched-final/blocksworld-730060,blocksworld,text-state,best_first_add_w3,exact_reference,outputs/matched_modalities/v5/evaluation/text-state/matched-final__blocksworld-730060/best_first_add_w3-exact_reference.json.gz,True,True,True,True,0,4,2,goal_reached,8,2,0.5,1.0,2,6,0,0,8.359923958778381e-05,0.008831432089209557
matched-final/blocksworld-730060,blocksworld,text-state,best_first_add_greedy,pretrained_base,outputs/matched_modalities/v5/evaluation/text-state/matched-final__blocksworld-730060/best_first_add_greedy-pretrained_base.json.gz,False,False,False,False,1,1,0,deterministic_invalid_operation,8,2,0.125,0.0,,6,673,7,1.011202258989215,1.0139755960553885
matched-final/blocksworld-730060,blocksworld,text-state,best_first_add_greedy,process_sft,outputs/matched_modalities/v5/evaluation/text-state/matched-final__blocksworld-730060/best_first_add_greedy-process_sft.json.gz,True,True,True,True,0,4,2,goal_reached,8,2,0.5,1.0,2,6,2812,88,7.440309653058648,7.451244976371527
matched-final/blocksworld-730060,blocksworld,text-state,best_first_add_greedy,random_valid,outputs/matched_modalities/v5/evaluation/text-state/matched-final__blocksworld-730060/best_first_add_greedy-random_valid.json.gz,True,True,True,True,0,4,2,goal_reached,8,2,0.5,1.0,2,6,0,0,8.657388389110565e-05,0.008499858900904655
matched-final/blocksworld-730060,blocksworld,text-state,best_first_add_greedy,exact_reference,outputs/matched_modalities/v5/evaluation/text-state/matched-final__blocksworld-730060/best_first_add_greedy-exact_reference.json.gz,True,True,True,True,0,4,2,goal_reached,8,2,0.5,1.0,2,6,0,0,7.664225995540619e-05,0.008312685415148735
matched-final/ferry-780004,ferry,text-state,bfs,pretrained_base,outputs/matched_modalities/v5/evaluation/text-state/matched-final__ferry-780004/bfs-pretrained_base.json.gz,False,False,False,False,1,1,0,deterministic_invalid_operation,8,4,0.125,0.0,,8,852,79,4.276449348777533,4.279370727017522
matched-final/ferry-780004,ferry,text-state,bfs,process_sft,outputs/matched_modalities/v5/evaluation/text-state/matched-final__ferry-780004/bfs-process_sft.json.gz,False,False,False,False,1,2,1,deterministic_invalid_operation,8,4,0.25,0.25,,8,1893,177,10.854786474257708,10.860979810357094
matched-final/ferry-780004,ferry,text-state,bfs,random_valid,outputs/matched_modalities/v5/evaluation/text-state/matched-final__ferry-780004/bfs-random_valid.json.gz,True,True,True,True,0,4,4,goal_reached,8,4,0.5,1.0,4,8,0,0,0.00012587383389472961,0.012017561122775078
matched-final/ferry-780004,ferry,text-state,bfs,exact_reference,outputs/matched_modalities/v5/evaluation/text-state/matched-final__ferry-780004/bfs-exact_reference.json.gz,True,True,True,True,0,4,4,goal_reached,8,4,0.5,1.0,4,8,0,0,9.698793292045593e-05,0.010939331725239754
matched-final/ferry-780004,ferry,text-state,best_first_width,pretrained_base,outputs/matched_modalities/v5/evaluation/text-state/matched-final__ferry-780004/best_first_width-pretrained_base.json.gz,False,False,True,False,1,1,0,deterministic_invalid_operation,8,4,0.125,0.0,,8,719,177,8.15609223768115,8.15977175720036
matched-final/ferry-780004,ferry,text-state,best_first_width,process_sft,outputs/matched_modalities/v5/evaluation/text-state/matched-final__ferry-780004/best_first_width-process_sft.json.gz,False,False,True,False,1,1,0,deterministic_invalid_operation,8,4,0.125,0.0,,8,719,68,4.16728419996798,4.170714458450675
matched-final/ferry-780004,ferry,text-state,best_first_width,random_valid,outputs/matched_modalities/v5/evaluation/text-state/matched-final__ferry-780004/best_first_width-random_valid.json.gz,True,True,True,True,0,4,4,goal_reached,8,4,0.5,1.0,4,8,0,0,0.00011255964636802673,0.016405006870627403
matched-final/ferry-780004,ferry,text-state,best_first_width,exact_reference,outputs/matched_modalities/v5/evaluation/text-state/matched-final__ferry-780004/best_first_width-exact_reference.json.gz,True,True,True,True,0,4,4,goal_reached,8,4,0.5,1.0,4,8,0,0,0.00010210089385509491,0.017212646082043648
matched-final/ferry-780004,ferry,text-state,best_first_add_w3,pretrained_base,outputs/matched_modalities/v5/evaluation/text-state/matched-final__ferry-780004/best_first_add_w3-pretrained_base.json.gz,False,False,False,False,1,1,0,deterministic_invalid_operation,14,4,0.07142857142857142,0.0,,8,654,7,1.0181838646531105,1.0206842627376318
matched-final/ferry-780004,ferry,text-state,best_first_add_w3,process_sft,outputs/matched_modalities/v5/evaluation/text-state/matched-final__ferry-780004/best_first_add_w3-process_sft.json.gz,True,True,True,True,0,7,4,goal_reached,14,4,0.5,1.0,4,8,4975,167,13.755826273933053,13.77626883238554
matched-final/ferry-780004,ferry,text-state,best_first_add_w3,random_valid,outputs/matched_modalities/v5/evaluation/text-state/matched-final__ferry-780004/best_first_add_w3-random_valid.json.gz,True,True,True,True,0,7,4,goal_reached,14,4,0.5,1.0,4,8,0,0,0.00018153339624404907,0.01476391963660717
matched-final/ferry-780004,ferry,text-state,best_first_add_w3,exact_reference,outputs/matched_modalities/v5/evaluation/text-state/matched-final__ferry-780004/best_first_add_w3-exact_reference.json.gz,True,True,True,True,0,7,4,goal_reached,14,4,0.5,1.0,4,8,0,0,0.00012392178177833557,0.013327628374099731
matched-final/ferry-780004,ferry,text-state,best_first_add_greedy,pretrained_base,outputs/matched_modalities/v5/evaluation/text-state/matched-final__ferry-780004/best_first_add_greedy-pretrained_base.json.gz,False,False,False,False,1,1,0,deterministic_invalid_operation,14,4,0.07142857142857142,0.0,,8,654,7,1.0123178493231535,1.0147360563278198
matched-final/ferry-780004,ferry,text-state,best_first_add_greedy,process_sft,outputs/matched_modalities/v5/evaluation/text-state/matched-final__ferry-780004/best_first_add_greedy-process_sft.json.gz,False,False,False,False,1,1,0,deterministic_invalid_operation,14,4,0.07142857142857142,0.0,,8,654,27,2.0763191618025303,2.078871527686715
matched-final/ferry-780004,ferry,text-state,best_first_add_greedy,random_valid,outputs/matched_modalities/v5/evaluation/text-state/matched-final__ferry-780004/best_first_add_greedy-random_valid.json.gz,True,True,True,True,0,7,4,goal_reached,14,4,0.5,1.0,4,8,0,0,0.00015095621347427368,0.013588499277830124
matched-final/ferry-780004,ferry,text-state,best_first_add_greedy,exact_reference,outputs/matched_modalities/v5/evaluation/text-state/matched-final__ferry-780004/best_first_add_greedy-exact_reference.json.gz,True,True,True,True,0,7,4,goal_reached,14,4,0.5,1.0,4,8,0,0,0.00012560561299324036,0.013616403564810753
matched-final/storage-760000,storage,visual-state,bfs,pretrained_base,outputs/matched_modalities/v5/evaluation/visual-state/matched-final__storage-760000/bfs-pretrained_base.json.gz,False,False,False,False,1,1,0,deterministic_invalid_operation,16,5,0.0625,0.0,,12,3623,27,6.956664506345987,8.281992623582482
matched-final/storage-760000,storage,visual-state,bfs,process_sft,outputs/matched_modalities/v5/evaluation/visual-state/matched-final__storage-760000/bfs-process_sft.json.gz,False,False,False,False,1,1,0,deterministic_invalid_operation,16,5,0.0625,0.0,,12,3623,216,22.98996733315289,24.300295181572437
matched-final/storage-760000,storage,visual-state,bfs,random_valid,outputs/matched_modalities/v5/evaluation/visual-state/matched-final__storage-760000/bfs-random_valid.json.gz,True,True,True,True,0,8,5,goal_reached,16,5,0.5,1.0,4,12,0,0,0.0002671312540769577,0.0535480622202158
matched-final/storage-760000,storage,visual-state,bfs,exact_reference,outputs/matched_modalities/v5/evaluation/visual-state/matched-final__storage-760000/bfs-exact_reference.json.gz,True,True,True,True,0,8,5,goal_reached,16,5,0.5,1.0,4,12,0,0,0.00022555328905582428,0.046321647241711617
matched-final/storage-760000,storage,visual-state,best_first_width,pretrained_base,outputs/matched_modalities/v5/evaluation/visual-state/matched-final__storage-760000/best_first_width-pretrained_base.json.gz,False,False,True,False,1,1,0,deterministic_invalid_operation,12,5,0.08333333333333333,0.0,,12,3062,244,18.908588519319892,18.916688941419125
matched-final/storage-760000,storage,visual-state,best_first_width,process_sft,outputs/matched_modalities/v5/evaluation/visual-state/matched-final__storage-760000/best_first_width-process_sft.json.gz,False,False,True,False,1,1,0,deterministic_invalid_operation,12,5,0.08333333333333333,0.0,,12,3062,384,30.6650709528476,30.67300526611507
matched-final/storage-760000,storage,visual-state,best_first_width,random_valid,outputs/matched_modalities/v5/evaluation/visual-state/matched-final__storage-760000/best_first_width-random_valid.json.gz,True,True,True,True,0,6,5,goal_reached,12,5,0.5,1.0,4,12,0,0,0.0001999400556087494,0.04836548492312431
matched-final/storage-760000,storage,visual-state,best_first_width,exact_reference,outputs/matched_modalities/v5/evaluation/visual-state/matched-final__storage-760000/best_first_width-exact_reference.json.gz,True,True,True,True,0,6,5,goal_reached,12,5,0.5,1.0,4,12,0,0,0.00015892460942268372,0.046261949464678764
matched-final/storage-760000,storage,visual-state,best_first_add_w3,pretrained_base,outputs/matched_modalities/v5/evaluation/visual-state/matched-final__storage-760000/best_first_add_w3-pretrained_base.json.gz,False,False,False,False,1,1,0,deterministic_invalid_operation,20,4,0.05,0.0,,12,2846,7,4.49156148172915,4.496573198586702
matched-final/storage-760000,storage,visual-state,best_first_add_w3,process_sft,outputs/matched_modalities/v5/evaluation/visual-state/matched-final__storage-760000/best_first_add_w3-process_sft.json.gz,True,True,True,True,0,10,4,goal_reached,20,4,0.5,1.0,4,12,29777,363,66.81308142654598,66.90678352676332
matched-final/storage-760000,storage,visual-state,best_first_add_w3,random_valid,outputs/matched_modalities/v5/evaluation/visual-state/matched-final__storage-760000/best_first_add_w3-random_valid.json.gz,True,True,True,True,0,10,4,goal_reached,20,4,0.5,1.0,4,12,0,0,0.000283997505903244,0.04237028770148754
matched-final/storage-760000,storage,visual-state,best_first_add_w3,exact_reference,outputs/matched_modalities/v5/evaluation/visual-state/matched-final__storage-760000/best_first_add_w3-exact_reference.json.gz,True,True,True,True,0,10,4,goal_reached,20,4,0.5,1.0,4,12,0,0,0.00022843480110168457,0.04295099712908268
matched-final/storage-760000,storage,visual-state,best_first_add_greedy,pretrained_base,outputs/matched_modalities/v5/evaluation/visual-state/matched-final__storage-760000/best_first_add_greedy-pretrained_base.json.gz,False,False,False,False,1,1,0,deterministic_invalid_operation,20,4,0.05,0.0,,12,2844,28,5.698189862072468,5.703152529895306
matched-final/storage-760000,storage,visual-state,best_first_add_greedy,process_sft,outputs/matched_modalities/v5/evaluation/visual-state/matched-final__storage-760000/best_first_add_greedy-process_sft.json.gz,True,True,True,True,0,10,4,goal_reached,20,4,0.5,1.0,4,12,29749,363,66.78382558189332,66.83546068705618
matched-final/storage-760000,storage,visual-state,best_first_add_greedy,random_valid,outputs/matched_modalities/v5/evaluation/visual-state/matched-final__storage-760000/best_first_add_greedy-random_valid.json.gz,True,True,True,True,0,10,4,goal_reached,20,4,0.5,1.0,4,12,0,0,0.0002543386071920395,0.0401462446898222
matched-final/storage-760000,storage,visual-state,best_first_add_greedy,exact_reference,outputs/matched_modalities/v5/evaluation/visual-state/matched-final__storage-760000/best_first_add_greedy-exact_reference.json.gz,True,True,True,True,0,10,4,goal_reached,20,4,0.5,1.0,4,12,0,0,0.00021385587751865387,0.04116694629192352
matched-final/blocksworld-730060,blocksworld,visual-state,bfs,pretrained_base,outputs/matched_modalities/v5/evaluation/visual-state/matched-final__blocksworld-730060/bfs-pretrained_base.json.gz,False,False,False,False,1,1,0,deterministic_invalid_operation,10,3,0.1,0.0,,6,2364,87,7.839397396892309,7.851667884737253
matched-final/blocksworld-730060,blocksworld,visual-state,bfs,process_sft,outputs/matched_modalities/v5/evaluation/visual-state/matched-final__blocksworld-730060/bfs-process_sft.json.gz,False,False,False,False,1,3,1,deterministic_invalid_operation,10,3,0.3,0.3333333333333333,,6,7675,324,29.04519882798195,29.067749101668596
matched-final/blocksworld-730060,blocksworld,visual-state,bfs,random_valid,outputs/matched_modalities/v5/evaluation/visual-state/matched-final__blocksworld-730060/bfs-random_valid.json.gz,False,False,True,True,0,5,3,expansion_budget_exhausted,10,3,0.5,1.0,,6,0,0,0.00017471425235271454,0.02161576598882675
matched-final/blocksworld-730060,blocksworld,visual-state,bfs,exact_reference,outputs/matched_modalities/v5/evaluation/visual-state/matched-final__blocksworld-730060/bfs-exact_reference.json.gz,True,True,True,True,0,5,3,goal_reached,10,3,0.5,1.0,2,6,0,0,0.00014939717948436737,0.026174144819378853
matched-final/blocksworld-730060,blocksworld,visual-state,best_first_width,pretrained_base,outputs/matched_modalities/v5/evaluation/visual-state/matched-final__blocksworld-730060/best_first_width-pretrained_base.json.gz,False,False,True,False,1,1,0,deterministic_invalid_operation,6,2,0.16666666666666666,0.0,,6,2225,205,14.084308609366417,14.092293513938785
matched-final/blocksworld-730060,blocksworld,visual-state,best_first_width,process_sft,outputs/matched_modalities/v5/evaluation/visual-state/matched-final__blocksworld-730060/best_first_width-process_sft.json.gz,False,False,True,False,1,1,0,deterministic_invalid_operation,6,2,0.16666666666666666,0.0,,6,2225,384,24.735200436785817,24.742336379364133
matched-final/blocksworld-730060,blocksworld,visual-state,best_first_width,random_valid,outputs/matched_modalities/v5/evaluation/visual-state/matched-final__blocksworld-730060/best_first_width-random_valid.json.gz,False,False,True,True,0,4,2,expansion_budget_exhausted,6,2,0.6666666666666666,1.0,,6,0,0,0.00012948550283908844,0.024558616802096367
matched-final/blocksworld-730060,blocksworld,visual-state,best_first_width,exact_reference,outputs/matched_modalities/v5/evaluation/visual-state/matched-final__blocksworld-730060/best_first_width-exact_reference.json.gz,True,True,True,True,0,3,2,goal_reached,6,2,0.5,1.0,2,6,0,0,7.165595889091492e-05,0.020265156403183937
matched-final/blocksworld-730060,blocksworld,visual-state,best_first_add_w3,pretrained_base,outputs/matched_modalities/v5/evaluation/visual-state/matched-final__blocksworld-730060/best_first_add_w3-pretrained_base.json.gz,False,False,False,False,1,1,0,deterministic_invalid_operation,8,2,0.125,0.0,,6,2035,7,3.2346038445830345,3.238555336371064
matched-final/blocksworld-730060,blocksworld,visual-state,best_first_add_w3,process_sft,outputs/matched_modalities/v5/evaluation/visual-state/matched-final__blocksworld-730060/best_first_add_w3-process_sft.json.gz,False,False,False,False,1,2,0,deterministic_invalid_operation,8,2,0.25,0.0,,6,4091,40,7.941561955958605,7.948636593297124
matched-final/blocksworld-730060,blocksworld,visual-state,best_first_add_w3,random_valid,outputs/matched_modalities/v5/evaluation/visual-state/matched-final__blocksworld-730060/best_first_add_w3-random_valid.json.gz,True,True,True,True,0,4,2,goal_reached,8,2,0.5,1.0,2,6,0,0,0.0001117512583732605,0.01173270121216774
matched-final/blocksworld-730060,blocksworld,visual-state,best_first_add_w3,exact_reference,outputs/matched_modalities/v5/evaluation/visual-state/matched-final__blocksworld-730060/best_first_add_w3-exact_reference.json.gz,True,True,True,True,0,4,2,goal_reached,8,2,0.5,1.0,2,6,0,0,8.778274059295654e-05,0.012261934578418732
matched-final/blocksworld-730060,blocksworld,visual-state,best_first_add_greedy,pretrained_base,outputs/matched_modalities/v5/evaluation/visual-state/matched-final__blocksworld-730060/best_first_add_greedy-pretrained_base.json.gz,False,False,False,False,1,1,0,deterministic_invalid_operation,8,2,0.125,0.0,,6,2035,7,3.245172541588545,3.249053968116641
matched-final/blocksworld-730060,blocksworld,visual-state,best_first_add_greedy,process_sft,outputs/matched_modalities/v5/evaluation/visual-state/matched-final__blocksworld-730060/best_first_add_greedy-process_sft.json.gz,True,True,True,True,0,4,2,goal_reached,8,2,0.5,1.0,2,6,8276,88,16.36499447003007,16.381422750651836
matched-final/blocksworld-730060,blocksworld,visual-state,best_first_add_greedy,random_valid,outputs/matched_modalities/v5/evaluation/visual-state/matched-final__blocksworld-730060/best_first_add_greedy-random_valid.json.gz,True,True,True,True,0,4,2,goal_reached,8,2,0.5,1.0,2,6,0,0,0.00012943707406520844,0.01286739856004715
matched-final/blocksworld-730060,blocksworld,visual-state,best_first_add_greedy,exact_reference,outputs/matched_modalities/v5/evaluation/visual-state/matched-final__blocksworld-730060/best_first_add_greedy-exact_reference.json.gz,True,True,True,True,0,4,2,goal_reached,8,2,0.5,1.0,2,6,0,0,8.94051045179367e-05,0.012923989444971085
matched-final/ferry-780004,ferry,visual-state,bfs,pretrained_base,outputs/matched_modalities/v5/evaluation/visual-state/matched-final__ferry-780004/bfs-pretrained_base.json.gz,False,False,False,False,1,1,0,deterministic_invalid_operation,8,4,0.125,0.0,,8,2211,26,4.5440584402531385,4.5728188417851925
matched-final/ferry-780004,ferry,visual-state,bfs,process_sft,outputs/matched_modalities/v5/evaluation/visual-state/matched-final__ferry-780004/bfs-process_sft.json.gz,True,True,True,True,0,4,4,goal_reached,8,4,0.5,1.0,4,8,9782,341,32.89959030225873,32.928958006203175
matched-final/ferry-780004,ferry,visual-state,bfs,random_valid,outputs/matched_modalities/v5/evaluation/visual-state/matched-final__ferry-780004/bfs-random_valid.json.gz,True,True,True,True,0,4,4,goal_reached,8,4,0.5,1.0,4,8,0,0,0.0001384355127811432,0.015148047357797623
matched-final/ferry-780004,ferry,visual-state,bfs,exact_reference,outputs/matched_modalities/v5/evaluation/visual-state/matched-final__ferry-780004/bfs-exact_reference.json.gz,True,True,True,True,0,4,4,goal_reached,8,4,0.5,1.0,4,8,0,0,0.00011700950562953949,0.01817145384848118
matched-final/ferry-780004,ferry,visual-state,best_first_width,pretrained_base,outputs/matched_modalities/v5/evaluation/visual-state/matched-final__ferry-780004/best_first_width-pretrained_base.json.gz,False,False,True,False,1,1,0,deterministic_invalid_operation,8,4,0.125,0.0,,8,2078,93,7.7492389883846045,7.753965495154262
matched-final/ferry-780004,ferry,visual-state,best_first_width,process_sft,outputs/matched_modalities/v5/evaluation/visual-state/matched-final__ferry-780004/best_first_width-process_sft.json.gz,False,False,True,False,1,1,0,deterministic_invalid_operation,8,4,0.125,0.0,,8,2078,384,24.166145518422127,24.170921297743917
matched-final/ferry-780004,ferry,visual-state,best_first_width,random_valid,outputs/matched_modalities/v5/evaluation/visual-state/matched-final__ferry-780004/best_first_width-random_valid.json.gz,True,True,True,True,0,4,4,goal_reached,8,4,0.5,1.0,4,8,0,0,0.00013070181012153625,0.023238470777869225
matched-final/ferry-780004,ferry,visual-state,best_first_width,exact_reference,outputs/matched_modalities/v5/evaluation/visual-state/matched-final__ferry-780004/best_first_width-exact_reference.json.gz,True,True,True,True,0,4,4,goal_reached,8,4,0.5,1.0,4,8,0,0,0.00010648369789123535,0.02367650344967842
matched-final/ferry-780004,ferry,visual-state,best_first_add_w3,pretrained_base,outputs/matched_modalities/v5/evaluation/visual-state/matched-final__ferry-780004/best_first_add_w3-pretrained_base.json.gz,False,False,False,False,1,1,0,deterministic_invalid_operation,14,4,0.07142857142857142,0.0,,8,2013,7,3.242782248184085,3.246014427393675
matched-final/ferry-780004,ferry,visual-state,best_first_add_w3,process_sft,outputs/matched_modalities/v5/evaluation/visual-state/matched-final__ferry-780004/best_first_add_w3-process_sft.json.gz,True,True,True,True,0,7,4,goal_reached,14,4,0.5,1.0,4,8,14576,167,29.849805284291506,29.883769432082772
matched-final/ferry-780004,ferry,visual-state,best_first_add_w3,random_valid,outputs/matched_modalities/v5/evaluation/visual-state/matched-final__ferry-780004/best_first_add_w3-random_valid.json.gz,True,True,True,True,0,7,4,goal_reached,14,4,0.5,1.0,4,8,0,0,0.0001963730901479721,0.02072836458683014
matched-final/ferry-780004,ferry,visual-state,best_first_add_w3,exact_reference,outputs/matched_modalities/v5/evaluation/visual-state/matched-final__ferry-780004/best_first_add_w3-exact_reference.json.gz,True,True,True,True,0,7,4,goal_reached,14,4,0.5,1.0,4,8,0,0,0.00013595819473266602,0.01935095153748989
matched-final/ferry-780004,ferry,visual-state,best_first_add_greedy,pretrained_base,outputs/matched_modalities/v5/evaluation/visual-state/matched-final__ferry-780004/best_first_add_greedy-pretrained_base.json.gz,False,False,False,False,1,1,0,deterministic_invalid_operation,14,4,0.07142857142857142,0.0,,8,2013,7,3.263752134516835,3.267263788729906
matched-final/ferry-780004,ferry,visual-state,best_first_add_greedy,process_sft,outputs/matched_modalities/v5/evaluation/visual-state/matched-final__ferry-780004/best_first_add_greedy-process_sft.json.gz,True,True,True,True,0,7,4,goal_reached,14,4,0.5,1.0,4,8,14569,167,29.882734527811408,29.911103300750256
matched-final/ferry-780004,ferry,visual-state,best_first_add_greedy,random_valid,outputs/matched_modalities/v5/evaluation/visual-state/matched-final__ferry-780004/best_first_add_greedy-random_valid.json.gz,True,True,True,True,0,7,4,goal_reached,14,4,0.5,1.0,4,8,0,0,0.00021253526210784912,0.02693149261176586
matched-final/ferry-780004,ferry,visual-state,best_first_add_greedy,exact_reference,outputs/matched_modalities/v5/evaluation/visual-state/matched-final__ferry-780004/best_first_add_greedy-exact_reference.json.gz,True,True,True,True,0,7,4,goal_reached,14,4,0.5,1.0,4,8,0,0,0.00013323500752449036,0.017887195572257042
matched-final/storage-760000,storage,multimodal-state,bfs,pretrained_base,outputs/matched_modalities/v5/evaluation/multimodal-state/matched-final__storage-760000/bfs-pretrained_base.json.gz,False,False,False,False,1,1,0,deterministic_invalid_operation,16,5,0.0625,0.0,,12,4849,53,10.522349569946527,11.862005423754454
matched-final/storage-760000,storage,multimodal-state,bfs,process_sft,outputs/matched_modalities/v5/evaluation/multimodal-state/matched-final__storage-760000/bfs-process_sft.json.gz,False,False,False,False,1,2,0,deterministic_invalid_operation,16,5,0.125,0.0,,12,9698,432,48.88593763485551,50.19682620279491
matched-final/storage-760000,storage,multimodal-state,bfs,random_valid,outputs/matched_modalities/v5/evaluation/multimodal-state/matched-final__storage-760000/bfs-random_valid.json.gz,True,True,True,True,0,8,5,goal_reached,16,5,0.5,1.0,4,12,0,0,0.0002907533198595047,0.056112710386514664
matched-final/storage-760000,storage,multimodal-state,bfs,exact_reference,outputs/matched_modalities/v5/evaluation/multimodal-state/matched-final__storage-760000/bfs-exact_reference.json.gz,True,True,True,True,0,8,5,goal_reached,16,5,0.5,1.0,4,12,0,0,0.00022729672491550446,0.05277879908680916
matched-final/storage-760000,storage,multimodal-state,best_first_width,pretrained_base,outputs/matched_modalities/v5/evaluation/multimodal-state/matched-final__storage-760000/best_first_width-pretrained_base.json.gz,False,False,True,False,1,1,0,deterministic_invalid_operation,12,5,0.08333333333333333,0.0,,12,4288,218,20.794460255652666,20.802797781303525
matched-final/storage-760000,storage,multimodal-state,best_first_width,process_sft,outputs/matched_modalities/v5/evaluation/multimodal-state/matched-final__storage-760000/best_first_width-process_sft.json.gz,False,False,True,False,1,1,0,deterministic_invalid_operation,12,5,0.08333333333333333,0.0,,12,4288,384,35.57949120737612,35.587615087628365
matched-final/storage-760000,storage,multimodal-state,best_first_width,random_valid,outputs/matched_modalities/v5/evaluation/multimodal-state/matched-final__storage-760000/best_first_width-random_valid.json.gz,True,True,True,True,0,6,5,goal_reached,12,5,0.5,1.0,4,12,0,0,0.00019563734531402588,0.054051175713539124
matched-final/storage-760000,storage,multimodal-state,best_first_width,exact_reference,outputs/matched_modalities/v5/evaluation/multimodal-state/matched-final__storage-760000/best_first_width-exact_reference.json.gz,True,True,True,True,0,6,5,goal_reached,12,5,0.5,1.0,4,12,0,0,0.0001652054488658905,0.05225439555943012
matched-final/storage-760000,storage,multimodal-state,best_first_add_w3,pretrained_base,outputs/matched_modalities/v5/evaluation/multimodal-state/matched-final__storage-760000/best_first_add_w3-pretrained_base.json.gz,False,False,False,False,1,1,0,deterministic_invalid_operation,20,4,0.05,0.0,,12,4072,21,6.899971580132842,6.906566604971886
matched-final/storage-760000,storage,multimodal-state,best_first_add_w3,process_sft,outputs/matched_modalities/v5/evaluation/multimodal-state/matched-final__storage-760000/best_first_add_w3-process_sft.json.gz,True,True,True,True,0,10,4,goal_reached,20,4,0.5,1.0,4,12,41973,363,84.37283290550113,84.49356284551322
matched-final/storage-760000,storage,multimodal-state,best_first_add_w3,random_valid,outputs/matched_modalities/v5/evaluation/multimodal-state/matched-final__storage-760000/best_first_add_w3-random_valid.json.gz,True,True,True,True,0,10,4,goal_reached,20,4,0.5,1.0,4,12,0,0,0.00032309070229530334,0.05729743279516697
matched-final/storage-760000,storage,multimodal-state,best_first_add_w3,exact_reference,outputs/matched_modalities/v5/evaluation/multimodal-state/matched-final__storage-760000/best_first_add_w3-exact_reference.json.gz,True,True,True,True,0,10,4,goal_reached,20,4,0.5,1.0,4,12,0,0,0.00024404004216194153,0.05668485350906849
matched-final/storage-760000,storage,multimodal-state,best_first_add_greedy,pretrained_base,outputs/matched_modalities/v5/evaluation/multimodal-state/matched-final__storage-760000/best_first_add_greedy-pretrained_base.json.gz,False,False,False,False,1,1,0,deterministic_invalid_operation,20,4,0.05,0.0,,12,4070,20,6.839902048930526,6.84610122255981
matched-final/storage-760000,storage,multimodal-state,best_first_add_greedy,process_sft,outputs/matched_modalities/v5/evaluation/multimodal-state/matched-final__storage-760000/best_first_add_greedy-process_sft.json.gz,True,True,True,True,0,10,4,goal_reached,20,4,0.5,1.0,4,12,41945,363,84.20023997500539,84.27051639184356
matched-final/storage-760000,storage,multimodal-state,best_first_add_greedy,random_valid,outputs/matched_modalities/v5/evaluation/multimodal-state/matched-final__storage-760000/best_first_add_greedy-random_valid.json.gz,True,True,True,True,0,10,4,goal_reached,20,4,0.5,1.0,4,12,0,0,0.0002991165965795517,0.05599435605108738
matched-final/storage-760000,storage,multimodal-state,best_first_add_greedy,exact_reference,outputs/matched_modalities/v5/evaluation/multimodal-state/matched-final__storage-760000/best_first_add_greedy-exact_reference.json.gz,True,True,True,True,0,10,4,goal_reached,20,4,0.5,1.0,4,12,0,0,0.00023715198040008545,0.05248589999973774
matched-final/blocksworld-730060,blocksworld,multimodal-state,bfs,pretrained_base,outputs/matched_modalities/v5/evaluation/multimodal-state/matched-final__blocksworld-730060/bfs-pretrained_base.json.gz,False,False,False,False,1,1,0,deterministic_invalid_operation,10,3,0.1,0.0,,6,2690,84,8.391323540359735,8.402029616758227
matched-final/blocksworld-730060,blocksworld,multimodal-state,bfs,process_sft,outputs/matched_modalities/v5/evaluation/multimodal-state/matched-final__blocksworld-730060/bfs-process_sft.json.gz,False,False,False,False,1,3,1,deterministic_invalid_operation,10,3,0.3,0.3333333333333333,,6,8645,324,30.97068601101637,30.995799031108618
matched-final/blocksworld-730060,blocksworld,multimodal-state,bfs,random_valid,outputs/matched_modalities/v5/evaluation/multimodal-state/matched-final__blocksworld-730060/bfs-random_valid.json.gz,False,False,True,True,0,5,3,expansion_budget_exhausted,10,3,0.5,1.0,,6,0,0,0.0001762155443429947,0.023490944877266884
matched-final/blocksworld-730060,blocksworld,multimodal-state,bfs,exact_reference,outputs/matched_modalities/v5/evaluation/multimodal-state/matched-final__blocksworld-730060/bfs-exact_reference.json.gz,True,True,True,True,0,5,3,goal_reached,10,3,0.5,1.0,2,6,0,0,0.0001394711434841156,0.025260740891098976
matched-final/blocksworld-730060,blocksworld,multimodal-state,best_first_width,pretrained_base,outputs/matched_modalities/v5/evaluation/multimodal-state/matched-final__blocksworld-730060/best_first_width-pretrained_base.json.gz,False,False,True,False,1,1,0,deterministic_invalid_operation,6,2,0.16666666666666666,0.0,,6,2551,132,10.72495005093515,10.732344286516309
matched-final/blocksworld-730060,blocksworld,multimodal-state,best_first_width,process_sft,outputs/matched_modalities/v5/evaluation/multimodal-state/matched-final__blocksworld-730060/best_first_width-process_sft.json.gz,False,False,True,False,1,1,0,deterministic_invalid_operation,6,2,0.16666666666666666,0.0,,6,2551,384,25.876108393073082,25.88348887488246
matched-final/blocksworld-730060,blocksworld,multimodal-state,best_first_width,random_valid,outputs/matched_modalities/v5/evaluation/multimodal-state/matched-final__blocksworld-730060/best_first_width-random_valid.json.gz,False,False,True,True,0,4,2,expansion_budget_exhausted,6,2,0.6666666666666666,1.0,,6,0,0,0.00013688765466213226,0.02620704285800457
matched-final/blocksworld-730060,blocksworld,multimodal-state,best_first_width,exact_reference,outputs/matched_modalities/v5/evaluation/multimodal-state/matched-final__blocksworld-730060/best_first_width-exact_reference.json.gz,True,True,True,True,0,3,2,goal_reached,6,2,0.5,1.0,2,6,0,0,7.748790085315704e-05,0.02005629800260067
matched-final/blocksworld-730060,blocksworld,multimodal-state,best_first_add_w3,pretrained_base,outputs/matched_modalities/v5/evaluation/multimodal-state/matched-final__blocksworld-730060/best_first_add_w3-pretrained_base.json.gz,False,False,False,False,1,1,0,deterministic_invalid_operation,8,2,0.125,0.0,,6,2361,10,3.695682317018509,3.699724033474922
matched-final/blocksworld-730060,blocksworld,multimodal-state,best_first_add_w3,process_sft,outputs/matched_modalities/v5/evaluation/multimodal-state/matched-final__blocksworld-730060/best_first_add_w3-process_sft.json.gz,True,True,True,True,0,4,2,goal_reached,8,2,0.5,1.0,2,6,9566,88,18.376575665548444,18.395654747262597
matched-final/blocksworld-730060,blocksworld,multimodal-state,best_first_add_w3,random_valid,outputs/matched_modalities/v5/evaluation/multimodal-state/matched-final__blocksworld-730060/best_first_add_w3-random_valid.json.gz,True,True,True,True,0,4,2,goal_reached,8,2,0.5,1.0,2,6,0,0,0.00012186169624328613,0.014889538288116455
matched-final/blocksworld-730060,blocksworld,multimodal-state,best_first_add_w3,exact_reference,outputs/matched_modalities/v5/evaluation/multimodal-state/matched-final__blocksworld-730060/best_first_add_w3-exact_reference.json.gz,True,True,True,True,0,4,2,goal_reached,8,2,0.5,1.0,2,6,0,0,9.298697113990784e-05,0.014289800077676773
matched-final/blocksworld-730060,blocksworld,multimodal-state,best_first_add_greedy,pretrained_base,outputs/matched_modalities/v5/evaluation/multimodal-state/matched-final__blocksworld-730060/best_first_add_greedy-pretrained_base.json.gz,False,False,False,False,1,1,0,deterministic_invalid_operation,8,2,0.125,0.0,,6,2361,10,3.724486092105508,3.7285237200558186
matched-final/blocksworld-730060,blocksworld,multimodal-state,best_first_add_greedy,process_sft,outputs/matched_modalities/v5/evaluation/multimodal-state/matched-final__blocksworld-730060/best_first_add_greedy-process_sft.json.gz,True,True,True,True,0,4,2,goal_reached,8,2,0.5,1.0,2,6,9564,88,18.257772410288453,18.275059359148145
matched-final/blocksworld-730060,blocksworld,multimodal-state,best_first_add_greedy,random_valid,outputs/matched_modalities/v5/evaluation/multimodal-state/matched-final__blocksworld-730060/best_first_add_greedy-random_valid.json.gz,True,True,True,True,0,4,2,goal_reached,8,2,0.5,1.0,2,6,0,0,0.00010790862143039703,0.014157678931951523
matched-final/blocksworld-730060,blocksworld,multimodal-state,best_first_add_greedy,exact_reference,outputs/matched_modalities/v5/evaluation/multimodal-state/matched-final__blocksworld-730060/best_first_add_greedy-exact_reference.json.gz,True,True,True,True,0,4,2,goal_reached,8,2,0.5,1.0,2,6,0,0,8.842349052429199e-05,0.01502084918320179
matched-final/ferry-780004,ferry,multimodal-state,bfs,pretrained_base,outputs/matched_modalities/v5/evaluation/multimodal-state/matched-final__ferry-780004/bfs-pretrained_base.json.gz,False,False,False,False,1,1,0,deterministic_invalid_operation,8,4,0.125,0.0,,8,2540,128,10.4895653501153,10.50081404298544
matched-final/ferry-780004,ferry,multimodal-state,bfs,process_sft,outputs/matched_modalities/v5/evaluation/multimodal-state/matched-final__ferry-780004/bfs-process_sft.json.gz,False,False,False,False,1,2,1,deterministic_invalid_operation,8,4,0.25,0.25,,8,5269,177,17.14443289488554,17.161328786984086
matched-final/ferry-780004,ferry,multimodal-state,bfs,random_valid,outputs/matched_modalities/v5/evaluation/multimodal-state/matched-final__ferry-780004/bfs-random_valid.json.gz,True,True,True,True,0,4,4,goal_reached,8,4,0.5,1.0,4,8,0,0,0.0001356210559606552,0.017848355695605278
matched-final/ferry-780004,ferry,multimodal-state,bfs,exact_reference,outputs/matched_modalities/v5/evaluation/multimodal-state/matched-final__ferry-780004/bfs-exact_reference.json.gz,True,True,True,True,0,4,4,goal_reached,8,4,0.5,1.0,4,8,0,0,0.00011102668941020966,0.017363397404551506
matched-final/ferry-780004,ferry,multimodal-state,best_first_width,pretrained_base,outputs/matched_modalities/v5/evaluation/multimodal-state/matched-final__ferry-780004/best_first_width-pretrained_base.json.gz,False,False,True,False,1,1,0,deterministic_invalid_operation,8,4,0.125,0.0,,8,2407,168,12.577037647366524,12.581530835479498
matched-final/ferry-780004,ferry,multimodal-state,best_first_width,process_sft,outputs/matched_modalities/v5/evaluation/multimodal-state/matched-final__ferry-780004/best_first_width-process_sft.json.gz,False,False,True,False,1,1,0,deterministic_invalid_operation,8,4,0.125,0.0,,8,2407,64,6.975375821813941,6.980493055656552
matched-final/ferry-780004,ferry,multimodal-state,best_first_width,random_valid,outputs/matched_modalities/v5/evaluation/multimodal-state/matched-final__ferry-780004/best_first_width-random_valid.json.gz,True,True,True,True,0,4,4,goal_reached,8,4,0.5,1.0,4,8,0,0,0.0001343153417110443,0.024659978225827217
matched-final/ferry-780004,ferry,multimodal-state,best_first_width,exact_reference,outputs/matched_modalities/v5/evaluation/multimodal-state/matched-final__ferry-780004/best_first_width-exact_reference.json.gz,True,True,True,True,0,4,4,goal_reached,8,4,0.5,1.0,4,8,0,0,9.603798389434814e-05,0.02185188978910446
matched-final/ferry-780004,ferry,multimodal-state,best_first_add_w3,pretrained_base,outputs/matched_modalities/v5/evaluation/multimodal-state/matched-final__ferry-780004/best_first_add_w3-pretrained_base.json.gz,False,False,False,False,1,1,0,deterministic_invalid_operation,14,4,0.07142857142857142,0.0,,8,2342,7,3.6022278666496277,3.6060675140470266
matched-final/ferry-780004,ferry,multimodal-state,best_first_add_w3,process_sft,outputs/matched_modalities/v5/evaluation/multimodal-state/matched-final__ferry-780004/best_first_add_w3-process_sft.json.gz,True,True,True,True,0,7,4,goal_reached,14,4,0.5,1.0,4,8,16791,167,32.889000762254,32.92130983620882
matched-final/ferry-780004,ferry,multimodal-state,best_first_add_w3,random_valid,outputs/matched_modalities/v5/evaluation/multimodal-state/matched-final__ferry-780004/best_first_add_w3-random_valid.json.gz,True,True,True,True,0,7,4,goal_reached,14,4,0.5,1.0,4,8,0,0,0.00019704550504684448,0.0234345905482769
matched-final/ferry-780004,ferry,multimodal-state,best_first_add_w3,exact_reference,outputs/matched_modalities/v5/evaluation/multimodal-state/matched-final__ferry-780004/best_first_add_w3-exact_reference.json.gz,True,True,True,True,0,7,4,goal_reached,14,4,0.5,1.0,4,8,0,0,0.00014570914208889008,0.023854251950979233
matched-final/ferry-780004,ferry,multimodal-state,best_first_add_greedy,pretrained_base,outputs/matched_modalities/v5/evaluation/multimodal-state/matched-final__ferry-780004/best_first_add_greedy-pretrained_base.json.gz,False,False,False,False,1,1,0,deterministic_invalid_operation,14,4,0.07142857142857142,0.0,,8,2342,7,3.57628707960248,3.5799184385687113
matched-final/ferry-780004,ferry,multimodal-state,best_first_add_greedy,process_sft,outputs/matched_modalities/v5/evaluation/multimodal-state/matched-final__ferry-780004/best_first_add_greedy-process_sft.json.gz,True,True,True,True,0,7,4,goal_reached,14,4,0.5,1.0,4,8,16784,167,33.14363516680896,33.17446877993643
matched-final/ferry-780004,ferry,multimodal-state,best_first_add_greedy,random_valid,outputs/matched_modalities/v5/evaluation/multimodal-state/matched-final__ferry-780004/best_first_add_greedy-random_valid.json.gz,True,True,True,True,0,7,4,goal_reached,14,4,0.5,1.0,4,8,0,0,0.00019543804228305817,0.023649347946047783
matched-final/ferry-780004,ferry,multimodal-state,best_first_add_greedy,exact_reference,outputs/matched_modalities/v5/evaluation/multimodal-state/matched-final__ferry-780004/best_first_add_greedy-exact_reference.json.gz,True,True,True,True,0,7,4,goal_reached,14,4,0.5,1.0,4,8,0,0,0.0001309085637331009,0.021169884130358696
